Workbook

Sheet 00_Config
A1: XOR Neural Network Workbook (No Macros)
A2: Forward pass + gradients for XOR (macro-free)
A5: Hyperparameters
A6: Learning rate (lr) | B6: 0.5
A7: Batch size (N) | B7: 4
A8: Hidden units (h) | B8: 2
A9: Activation | B9: sigmoid

Sheet 01_Data
A1: XOR Dataset
A4: sample | B4: x1 | C4: x2 | D4: y
A5: 1 | B5: 0 | C5: 0 | D5: 0
A6: 2 | B6: 0 | C6: 1 | D6: 1
A7: 3 | B7: 1 | C7: 0 | D7: 1
A8: 4 | B8: 1 | C8: 1 | D8: 0

Sheet 02_Forward
A1: Forward Pass (XOR MLP)
A3: z1 = XW1 + b1 ; a1 = sigmoid(z1) ; y_hat = a1W2 + b2 ; Loss = MSE
A5: W1 | B5: 0.5 | C5: -0.5 | E5: b1 | H5: W2 | J5: b2
B6: 0.5 | C6: 0.5 | E6: 0 | F6: 0 | H6: 0.7 | J6: 0
H7: -0.7
A9: x1 | B9: x2 | C9: y | D9: z1_1 | E9: z1_2 | F9: a1_1 | G9: a1_2 | H9: y_hat | I9: (y_hat-y)^2
A10: ='01_Data'!B5 -> 0 | B10: ='01_Data'!C5 -> 0 | C10: ='01_Data'!D5 -> 0 | D10: =A10*$B$5+B10*$B$6+$E$6 -> 0 | E10: =A10*$C$5+B10*$C$6+$F$6 -> 0 | F10: =1/(1+EXP(-D10)) -> 0.5 | G10: =1/(1+EXP(-E10)) -> 0.5 | H10: =F10*$H$6+G10*$H$7+$J$6 -> 0 | I10: =(H10-C10)^2 -> 0
A11: ='01_Data'!B6 -> 0 | B11: ='01_Data'!C6 -> 1 | C11: ='01_Data'!D6 -> 1 | D11: =A11*$B$5+B11*$B$6+$E$6 -> 0.5 | E11: =A11*$C$5+B11*$C$6+$F$6 -> 0.5 | F11: =1/(1+EXP(-D11)) -> 0.62245933 | G11: =1/(1+EXP(-E11)) -> 0.62245933 | H11: =F11*$H$6+G11*$H$7+$J$6 -> 0 | I11: =(H11-C11)^2 -> 1
A12: ='01_Data'!B7 -> 1 | B12: ='01_Data'!C7 -> 0 | C12: ='01_Data'!D7 -> 1 | D12: =A12*$B$5+B12*$B$6+$E$6 -> 0.5 | E12: =A12*$C$5+B12*$C$6+$F$6 -> -0.5 | F12: =1/(1+EXP(-D12)) -> 0.62245933 | G12: =1/(1+EXP(-E12)) -> 0.37754067 | H12: =F12*$H$6+G12*$H$7+$J$6 -> 0.17144306 | I12: =(H12-C12)^2 -> 0.6865066
A13: ='01_Data'!B8 -> 1 | B13: ='01_Data'!C8 -> 1 | C13: ='01_Data'!D8 -> 0 | D13: =A13*$B$5+B13*$B$6+$E$6 -> 1 | E13: =A13*$C$5+B13*$C$6+$F$6 -> 0 | F13: =1/(1+EXP(-D13)) -> 0.73105858 | G13: =1/(1+EXP(-E13)) -> 0.5 | H13: =F13*$H$6+G13*$H$7+$J$6 -> 0.16174101 | I13: =(H13-C13)^2 -> 0.026160153
H15: MSE | I15: =AVERAGE(I10:I13) -> 0.42816669
